"Name","ID","Group","model.name","system.group","seed","system.train_ratio","system.n_constraints","system.state_dim","system.obs_state_ratio","system.noise_level","state_pred_loss/test","time","state_pred_loss_t/test"
"S:30-OS:8-H:2-G:C10-N:2_E-DAE-Obs_w:1.0-Orth_w:0.0-Act:ELU-B:True-BN:False-LR:0.001-L:5-128_system.n_constraints=1 system=linear_system","gnwcw0aq","C10-ObsStateDim2","E-DAE","C10","1","1","1","30","8","2","0.1021675318479538","5.44505545461858","0.14965619146823883"
"S:30-OS:8-H:2-G:C10-N:2_E-DAE-Obs_w:1.0-Orth_w:0.0-Act:ELU-B:True-BN:False-LR:0.001-L:5-128_system.n_constraints=1 system=linear_system","iv5vn8s1","C10-ObsStateDim2","E-DAE","C10","3","1","1","30","8","2","0.10476231575012208","5.44505545461858","0.1551511138677597"
"S:30-OS:8-H:2-G:C5-N:2_E-DAE-Obs_w:1.0-Orth_w:0.0-Act:ELU-B:True-BN:False-LR:0.001-L:5-128_system.n_constraints=1 system=linear_system","1imc86ow","C10-ObsStateDim2","E-DAE","C5","1","1","1","30","8","2","0.09884636104106904","5.208811018859324","0.14534687995910645"
"S:30-OS:8-H:2-G:C5-N:2_E-DAE-Obs_w:1.0-Orth_w:0.0-Act:ELU-B:True-BN:False-LR:0.001-L:5-128_system.n_constraints=1 system=linear_system","fas1thr0","C10-ObsStateDim2","E-DAE","C5","3","1","1","30","8","2","0.09949571639299391","5.208811018859324","0.14700639247894287"
"S:30-OS:6-H:2-G:C10-N:2_E-DAE-Obs_w:1.0-Orth_w:0.0-Act:ELU-B:True-BN:False-LR:0.001-L:5-128_system.n_constraints=1 system=linear_system","ubr0hklo","C10-ObsStateDim2","E-DAE","C10","1","1","1","30","6","2","0.1021641120314598","5.44505545461858","0.15094904601573944"
"S:30-OS:6-H:2-G:C10-N:2_E-DAE-Obs_w:1.0-Orth_w:0.0-Act:ELU-B:True-BN:False-LR:0.001-L:5-128_system.n_constraints=1 system=linear_system","qoj8711w","C10-ObsStateDim2","E-DAE","C10","3","1","1","30","6","2","0.10552722960710526","5.44505545461858","0.15732517838478088"
"S:30-OS:6-H:2-G:C5-N:2_E-DAE-Obs_w:1.0-Orth_w:0.0-Act:ELU-B:True-BN:False-LR:0.001-L:5-128_system.n_constraints=1 system=linear_system","qg9f7d10","C10-ObsStateDim2","E-DAE","C5","3","1","1","30","6","2","0.09646915644407272","5.208811018859324","0.14166304469108582"
"S:30-OS:6-H:2-G:C5-N:2_E-DAE-Obs_w:1.0-Orth_w:0.0-Act:ELU-B:True-BN:False-LR:0.001-L:5-128_system.n_constraints=1 system=linear_system","8cf8x2c9","C10-ObsStateDim2","E-DAE","C5","1","1","1","30","6","2","0.0927291288971901","5.208811018859324","0.13433529436588287"
"S:30-OS:8-H:2-G:C10-N:2_DAE-Obs_w:1.0-Orth_w:0.0-Act:ELU-B:True-BN:False-LR:0.001-L:5-128_system.n_constraints=1 system=linear_system","yyqtexjm","C10-ObsStateDim2","DAE","C10","1","1","1","30","8","2","0.15069665014743805","5.44505545461858","0.24017322063446045"
"S:30-OS:6-H:2-G:C10-N:2_DAE-Obs_w:1.0-Orth_w:0.0-Act:ELU-B:True-BN:False-LR:0.001-L:5-128_system.n_constraints=1 system=linear_system","417xzz2q","C10-ObsStateDim2","DAE","C10","1","1","1","30","6","2","0.14990904927253723","5.44505545461858","0.23398058116436005"
"S:30-OS:6-H:2-G:C10-N:2_DAE-Obs_w:1.0-Orth_w:0.0-Act:ELU-B:True-BN:False-LR:0.001-L:5-128_system.n_constraints=1 system=linear_system","d7z5ie6m","C10-ObsStateDim2","DAE","C10","3","1","1","30","6","2","0.14900816977024078","5.44505545461858","0.23804309964179993"
"S:30-OS:8-H:2-G:C10-N:2_DAE-Obs_w:1.0-Orth_w:0.0-Act:ELU-B:True-BN:False-LR:0.001-L:5-128_system.n_constraints=1 system=linear_system","zntnyhys","C10-ObsStateDim2","DAE","C10","3","1","1","30","8","2","0.14863495528697968","5.44505545461858","0.23846229910850525"
"S:30-OS:8-H:2-G:C5-N:2_DAE-Obs_w:1.0-Orth_w:0.0-Act:ELU-B:True-BN:False-LR:0.001-L:5-128_system.n_constraints=1 system=linear_system","2c4qoak3","C10-ObsStateDim2","DAE","C5","3","1","1","30","8","2","0.13454177975654602","5.208811018859324","0.20063497126102448"
"S:30-OS:8-H:2-G:C5-N:2_DAE-Obs_w:1.0-Orth_w:0.0-Act:ELU-B:True-BN:False-LR:0.001-L:5-128_system.n_constraints=1 system=linear_system","cuyacetw","C10-ObsStateDim2","DAE","C5","1","1","1","30","8","2","0.13754603266716003","5.208811018859324","0.2097233384847641"
"S:30-OS:6-H:2-G:C5-N:2_DAE-Obs_w:1.0-Orth_w:0.0-Act:ELU-B:True-BN:False-LR:0.001-L:5-128_system.n_constraints=1 system=linear_system","nozz3zzm","C10-ObsStateDim2","DAE","C5","1","1","1","30","6","2","0.13933266699314115","5.208811018859324","0.22088561952114105"
"S:30-OS:6-H:2-G:C5-N:2_DAE-Obs_w:1.0-Orth_w:0.0-Act:ELU-B:True-BN:False-LR:0.001-L:5-128_system.n_constraints=1 system=linear_system","6idxxwvx","C10-ObsStateDim2","DAE","C5","3","1","1","30","6","2","0.13729959726333618","5.208811018859324","0.2053687423467636"
"S:30-OS:8-H:2-G:C10-N:2_E-DAE-Obs_w:1.0-Orth_w:0.0-Act:ELU-B:True-BN:False-LR:0.001-L:5-128_system.n_constraints=1 system=linear_system","kvabvw89","C10-ObsStateDim2","E-DAE","C10","0","1","1","30","8","2","0.10400545597076416","5.44505545461858","0.15282469987869263"
"S:30-OS:6-H:2-G:C10-N:2_E-DAE-Obs_w:1.0-Orth_w:0.0-Act:ELU-B:True-BN:False-LR:0.001-L:5-128_system.n_constraints=1 system=linear_system","x7ay4po7","C10-ObsStateDim2","E-DAE","C10","2","1","1","30","6","2","0.1018054187297821","5.44505545461858","0.14664076268672943"
"S:30-OS:8-H:2-G:C5-N:2_E-DAE-Obs_w:1.0-Orth_w:0.0-Act:ELU-B:True-BN:False-LR:0.001-L:5-128_system.n_constraints=1 system=linear_system","m1ftzmpv","C10-ObsStateDim2","E-DAE","C5","0","1","1","30","8","2","0.09583062678575516","5.208811018859324","0.14093199372291565"
"S:30-OS:6-H:2-G:C10-N:2_E-DAE-Obs_w:1.0-Orth_w:0.0-Act:ELU-B:True-BN:False-LR:0.001-L:5-128_system.n_constraints=1 system=linear_system","u4c88usl","C10-ObsStateDim2","E-DAE","C10","0","1","1","30","6","2","0.10158015787601472","5.44505545461858","0.15016689896583557"
"S:30-OS:8-H:2-G:C10-N:2_E-DAE-Obs_w:1.0-Orth_w:0.0-Act:ELU-B:True-BN:False-LR:0.001-L:5-128_system.n_constraints=1 system=linear_system","n4matoqa","C10-ObsStateDim2","E-DAE","C10","2","1","1","30","8","2","0.10270680487155914","5.44505545461858","0.14931194484233856"
"S:30-OS:8-H:2-G:C5-N:2_E-DAE-Obs_w:1.0-Orth_w:0.0-Act:ELU-B:True-BN:False-LR:0.001-L:5-128_system.n_constraints=1 system=linear_system","k85yb1ur","C10-ObsStateDim2","E-DAE","C5","2","1","1","30","8","2","0.0979856550693512","5.208811018859324","0.14853182435035706"
"S:30-OS:6-H:2-G:C5-N:2_E-DAE-Obs_w:1.0-Orth_w:0.0-Act:ELU-B:True-BN:False-LR:0.001-L:5-128_system.n_constraints=1 system=linear_system","r3jaf9bu","C10-ObsStateDim2","E-DAE","C5","2","1","1","30","6","2","0.09964560717344284","5.208811018859324","0.15090210735797882"
"S:30-OS:8-H:2-G:C10-N:2_DAE-Obs_w:1.0-Orth_w:0.0-Act:ELU-B:True-BN:False-LR:0.001-L:5-128_system.n_constraints=1 system=linear_system","ujm3v9ee","C10-ObsStateDim2","DAE","C10","0","1","1","30","8","2","0.14363975822925568","5.44505545461858","0.22545842826366425"
"S:30-OS:6-H:2-G:C10-N:2_DAE-Obs_w:1.0-Orth_w:0.0-Act:ELU-B:True-BN:False-LR:0.001-L:5-128_system.n_constraints=1 system=linear_system","enwednpr","C10-ObsStateDim2","DAE","C10","0","1","1","30","6","2","0.1468389630317688","5.44505545461858","0.228385791182518"
"S:30-OS:6-H:2-G:C5-N:2_E-DAE-Obs_w:1.0-Orth_w:0.0-Act:ELU-B:True-BN:False-LR:0.001-L:5-128_system.n_constraints=1 system=linear_system","ua4c2r2r","C10-ObsStateDim2","E-DAE","C5","0","1","1","30","6","2","0.09493864327669144","5.208811018859324","0.13891535997390747"
"S:30-OS:8-H:2-G:C10-N:2_DAE-Obs_w:1.0-Orth_w:0.0-Act:ELU-B:True-BN:False-LR:0.001-L:5-128_system.n_constraints=1 system=linear_system","rdbh7y2o","C10-ObsStateDim2","DAE","C10","2","1","1","30","8","2","0.14986835420131683","5.44505545461858","0.24351513385772705"
"S:30-OS:6-H:2-G:C10-N:2_DAE-Obs_w:1.0-Orth_w:0.0-Act:ELU-B:True-BN:False-LR:0.001-L:5-128_system.n_constraints=1 system=linear_system","r6d4r3d4","C10-ObsStateDim2","DAE","C10","2","1","1","30","6","2","0.14782153069972992","5.44505545461858","0.23076361417770383"
"S:30-OS:8-H:2-G:C5-N:2_DAE-Obs_w:1.0-Orth_w:0.0-Act:ELU-B:True-BN:False-LR:0.001-L:5-128_system.n_constraints=1 system=linear_system","cgrk7155","C10-ObsStateDim2","DAE","C5","2","1","1","30","8","2","0.13721638917922974","5.208811018859324","0.21098634600639343"
"S:30-OS:6-H:2-G:C5-N:2_DAE-Obs_w:1.0-Orth_w:0.0-Act:ELU-B:True-BN:False-LR:0.001-L:5-128_system.n_constraints=1 system=linear_system","u8w40wh0","C10-ObsStateDim2","DAE","C5","0","1","1","30","6","2","0.13218528032302856","5.208811018859324","0.2014423906803131"
"S:30-OS:8-H:2-G:C5-N:2_DAE-Obs_w:1.0-Orth_w:0.0-Act:ELU-B:True-BN:False-LR:0.001-L:5-128_system.n_constraints=1 system=linear_system","rud39kve","C10-ObsStateDim2","DAE","C5","0","1","1","30","8","2","0.1371336579322815","5.208811018859324","0.2094210833311081"
"S:30-OS:6-H:2-G:C5-N:2_DAE-Obs_w:1.0-Orth_w:0.0-Act:ELU-B:True-BN:False-LR:0.001-L:5-128_system.n_constraints=1 system=linear_system","9dfhb8n7","C10-ObsStateDim2","DAE","C5","2","1","1","30","6","2","0.13674241304397583","5.208811018859324","0.2105865180492401"
"S:30-OS:8-H:2-G:C10-N:2_E-DAE-Obs_w:1.0-Orth_w:0.0-Act:ELU-B:True-BN:False-LR:0.001-L:5-128_system.n_constraints=1 system=linear_system","jr62hmzr","C10-ObsStateDim2","E-DAE","C10","3","1","1","30","8","2","0.08360403031110764","5.145943980900745","0.11987283825874329"
"S:30-OS:8-H:2-G:C10-N:2_E-DAE-Obs_w:1.0-Orth_w:0.0-Act:ELU-B:True-BN:False-LR:0.001-L:5-128_system.n_constraints=1 system=linear_system","3j1rv8oh","C10-ObsStateDim2","E-DAE","C10","2","1","1","30","8","2","0.08358630537986755","5.145943980900745","0.11992289125919342"
"S:30-OS:6-H:2-G:C10-N:2_E-DAE-Obs_w:1.0-Orth_w:0.0-Act:ELU-B:True-BN:False-LR:0.001-L:5-128_system.n_constraints=1 system=linear_system","liexhe4k","C10-ObsStateDim2","E-DAE","C10","0","1","1","30","6","2","0.08325367420911789","5.145943980900745","0.11727628856897354"
"S:30-OS:6-H:2-G:C10-N:2_E-DAE-Obs_w:1.0-Orth_w:0.0-Act:ELU-B:True-BN:False-LR:0.001-L:5-128_system.n_constraints=1 system=linear_system","r9p1w9lz","C10-ObsStateDim2","E-DAE","C10","1","1","1","30","6","2","0.08521104604005814","5.145943980900745","0.12250420451164246"
"S:30-OS:8-H:2-G:C10-N:2_E-DAE-Obs_w:1.0-Orth_w:0.0-Act:ELU-B:True-BN:False-LR:0.001-L:5-128_system.n_constraints=1 system=linear_system","4gm89fbr","C10-ObsStateDim2","E-DAE","C10","1","1","1","30","8","2","0.08318115025758743","5.145943980900745","0.11778666079044342"
"S:30-OS:6-H:2-G:C10-N:2_E-DAE-Obs_w:1.0-Orth_w:0.0-Act:ELU-B:True-BN:False-LR:0.001-L:5-128_system.n_constraints=1 system=linear_system","i5tljlto","C10-ObsStateDim2","E-DAE","C10","3","1","1","30","6","2","0.08499670028686523","5.145943980900745","0.12319700419902802"
"S:30-OS:8-H:2-G:C10-N:2_E-DAE-Obs_w:1.0-Orth_w:0.0-Act:ELU-B:True-BN:False-LR:0.001-L:5-128_system.n_constraints=1 system=linear_system","0kji382b","C10-ObsStateDim2","E-DAE","C10","0","1","1","30","8","2","0.08570291101932526","5.145943980900745","0.12331224977970125"
"S:30-OS:6-H:2-G:C10-N:2_E-DAE-Obs_w:1.0-Orth_w:0.0-Act:ELU-B:True-BN:False-LR:0.001-L:5-128_system.n_constraints=1 system=linear_system","p75mz0sc","C10-ObsStateDim2","E-DAE","C10","2","1","1","30","6","2","0.08370412141084671","5.145943980900745","0.11973603069782256"
"S:30-OS:8-H:2-G:C5-N:2_DAE-Obs_w:1.0-Orth_w:0.0-Act:ELU-B:True-BN:False-LR:0.001-L:5-128_system.n_constraints=1 system=linear_system","z7um30nu","C10-ObsStateDim2","DAE","C5","0","1","1","30","8","2","0.1520237922668457","4.975051427600883","0.24540281295776367"
"S:30-OS:8-H:2-G:C5-N:2_DAE-Obs_w:1.0-Orth_w:0.0-Act:ELU-B:True-BN:False-LR:0.001-L:5-128_system.n_constraints=1 system=linear_system","zp98yyip","C10-ObsStateDim2","DAE","C5","1","1","1","30","8","2","0.14781595766544342","4.975051427600883","0.23381997644901276"
"S:30-OS:6-H:2-G:C5-N:2_DAE-Obs_w:1.0-Orth_w:0.0-Act:ELU-B:True-BN:False-LR:0.001-L:5-128_system.n_constraints=1 system=linear_system","fsta12z3","C10-ObsStateDim2","DAE","C5","1","1","1","30","6","2","0.14301571249961853","4.975051427600883","0.2337019145488739"
"S:30-OS:8-H:2-G:C5-N:2_DAE-Obs_w:1.0-Orth_w:0.0-Act:ELU-B:True-BN:False-LR:0.001-L:5-128_system.n_constraints=1 system=linear_system","0lusme8d","C10-ObsStateDim2","DAE","C5","3","1","1","30","8","2","0.15470275282859802","4.975051427600883","0.2567198872566223"
"S:30-OS:6-H:2-G:C5-N:2_DAE-Obs_w:1.0-Orth_w:0.0-Act:ELU-B:True-BN:False-LR:0.001-L:5-128_system.n_constraints=1 system=linear_system","c0m2ae88","C10-ObsStateDim2","DAE","C5","2","1","1","30","6","2","0.15483297407627106","4.975051427600883","0.2518939673900604"
"S:30-OS:6-H:2-G:C5-N:2_DAE-Obs_w:1.0-Orth_w:0.0-Act:ELU-B:True-BN:False-LR:0.001-L:5-128_system.n_constraints=1 system=linear_system","zofa9u02","C10-ObsStateDim2","DAE","C5","0","1","1","30","6","2","0.1463678479194641","4.975051427600883","0.2389760315418243"
"S:30-OS:6-H:2-G:C5-N:2_DAE-Obs_w:1.0-Orth_w:0.0-Act:ELU-B:True-BN:False-LR:0.001-L:5-128_system.n_constraints=1 system=linear_system","8k581sr2","C10-ObsStateDim2","DAE","C5","3","1","1","30","6","2","0.1456165611743927","4.975051427600883","0.24706028401851657"
"S:30-OS:8-H:2-G:C5-N:2_DAE-Obs_w:1.0-Orth_w:0.0-Act:ELU-B:True-BN:False-LR:0.001-L:5-128_system.n_constraints=1 system=linear_system","fx6iymvj","C10-ObsStateDim2","DAE","C5","2","1","1","30","8","2","0.15015289187431335","4.975051427600883","0.2524104416370392"
"S:30-OS:4-H:2-G:C5-N:2_E-DAE-Obs_w:1.0-Orth_w:0.0-Act:ELU-B:True-BN:False-LR:0.001-L:5-128_system.n_constraints=1 system.train_ratio=1.0","l5ae7lhu","C10-ObsStateDim2","E-DAE","C5","1","1","1","30","4","2","0.09492070972919464","4.975051427600883","0.14915597438812256"
"S:30-OS:4-H:2-G:C5-N:2_E-DAE-Obs_w:1.0-Orth_w:0.0-Act:ELU-B:True-BN:False-LR:0.001-L:5-128_system.n_constraints=1 system.train_ratio=1.0","hcc0perx","C10-ObsStateDim2","E-DAE","C5","0","1","1","30","4","2","0.09712150692939758","4.975051427600883","0.14828133583068848"
"S:30-OS:4-H:2-G:C5-N:2_E-DAE-Obs_w:1.0-Orth_w:0.0-Act:ELU-B:True-BN:False-LR:0.001-L:5-128_system.n_constraints=1 system.train_ratio=1.0","ovbyn6fv","C10-ObsStateDim2","E-DAE","C5","3","1","1","30","4","2","0.09302715212106703","4.975051427600883","0.14319904148578644"
"S:30-OS:4-H:2-G:C5-N:2_E-DAE-Obs_w:1.0-Orth_w:0.0-Act:ELU-B:True-BN:False-LR:0.001-L:5-128_system.n_constraints=1 system.train_ratio=1.0","k0g967lw","C10-ObsStateDim2","E-DAE","C5","2","1","1","30","4","2","0.09536664187908173","4.975051427600883","0.14861395955085754"
"S:30-OS:3-H:2-G:C5-N:2_E-DAE-Obs_w:1.0-Orth_w:0.0-Act:ELU-B:True-BN:False-LR:0.001-L:5-128_system.n_constraints=1 system.train_ratio=1.0","q7wcfepo","C10-ObsStateDim2","E-DAE","C5","3","1","1","30","3","2","0.09456094354391098","4.975051427600883","0.1444660872220993"
"S:30-OS:3-H:2-G:C5-N:2_E-DAE-Obs_w:1.0-Orth_w:0.0-Act:ELU-B:True-BN:False-LR:0.001-L:5-128_system.n_constraints=1 system.train_ratio=1.0","49ise1tx","C10-ObsStateDim2","E-DAE","C5","2","1","1","30","3","2","0.09498602896928789","4.975051427600883","0.14704549312591553"
"S:30-OS:3-H:2-G:C5-N:2_E-DAE-Obs_w:1.0-Orth_w:0.0-Act:ELU-B:True-BN:False-LR:0.001-L:5-128_system.n_constraints=1 system.train_ratio=1.0","cp5kbdsw","C10-ObsStateDim2","E-DAE","C5","1","1","1","30","3","2","0.09176480770111084","4.975051427600883","0.13781076669692993"
"S:30-OS:3-H:2-G:C5-N:2_E-DAE-Obs_w:1.0-Orth_w:0.0-Act:ELU-B:True-BN:False-LR:0.001-L:5-128_system.n_constraints=1 system.train_ratio=1.0","o2c3wpev","C10-ObsStateDim2","E-DAE","C5","0","1","1","30","3","2","0.0946529358625412","4.975051427600883","0.14644038677215576"
"S:30-OS:2-H:2-G:C5-N:2_E-DAE-Obs_w:1.0-Orth_w:0.0-Act:ELU-B:True-BN:False-LR:0.001-L:5-128_system.n_constraints=1 system.train_ratio=1.0","uu7bfjkt","C10-ObsStateDim2","E-DAE","C5","3","1","1","30","2","2","0.09164978563785552","4.975051427600883","0.14001797139644623"
"S:30-OS:2-H:2-G:C5-N:2_E-DAE-Obs_w:1.0-Orth_w:0.0-Act:ELU-B:True-BN:False-LR:0.001-L:5-128_system.n_constraints=1 system.train_ratio=1.0","3ajxcqbl","C10-ObsStateDim2","E-DAE","C5","2","1","1","30","2","2","0.0917842537164688","4.975051427600883","0.1409597545862198"
"S:30-OS:1-H:2-G:C5-N:2_E-DAE-Obs_w:1.0-Orth_w:0.0-Act:ELU-B:True-BN:False-LR:0.001-L:5-128_system.n_constraints=1 system.train_ratio=1.0","yvj9rs2x","C10-ObsStateDim2","E-DAE","C5","3","1","1","30","1","2","0.08860063552856445","4.975051427600883","0.13140128552913666"
"S:30-OS:1-H:2-G:C5-N:2_E-DAE-Obs_w:1.0-Orth_w:0.0-Act:ELU-B:True-BN:False-LR:0.001-L:5-128_system.n_constraints=1 system.train_ratio=1.0","t0tt4klo","C10-ObsStateDim2","E-DAE","C5","2","1","1","30","1","2","0.09023237973451614","4.975051427600883","0.13351641595363617"
"S:30-OS:1-H:2-G:C5-N:2_E-DAE-Obs_w:1.0-Orth_w:0.0-Act:ELU-B:True-BN:False-LR:0.001-L:5-128_system.n_constraints=1 system.train_ratio=1.0","d3nima87","C10-ObsStateDim2","E-DAE","C5","1","1","1","30","1","2","0.08928218483924866","4.975051427600883","0.13400857150554657"
"S:30-OS:1-H:2-G:C5-N:2_E-DAE-Obs_w:1.0-Orth_w:0.0-Act:ELU-B:True-BN:False-LR:0.001-L:5-128_system.n_constraints=1 system.train_ratio=1.0","g6qxlfvs","C10-ObsStateDim2","E-DAE","C5","0","1","1","30","1","2","0.0890321359038353","4.975051427600883","0.1319171041250229"
"S:30-OS:2-H:2-G:C5-N:2_E-DAE-Obs_w:1.0-Orth_w:0.0-Act:ELU-B:True-BN:False-LR:0.001-L:5-128_system.n_constraints=1 system.train_ratio=1.0","6mwj6sgu","C10-ObsStateDim2","E-DAE","C5","1","1","1","30","2","2","0.09020543843507768","4.975051427600883","0.13648544251918793"
"S:30-OS:2-H:2-G:C5-N:2_E-DAE-Obs_w:1.0-Orth_w:0.0-Act:ELU-B:True-BN:False-LR:0.001-L:5-128_system.n_constraints=1 system.train_ratio=1.0","dnp5jf1b","C10-ObsStateDim2","E-DAE","C5","0","1","1","30","2","2","0.09217604249715804","4.975051427600883","0.14219683408737183"
"S:30-OS:3-H:2-G:C5-N:2_DAE-Obs_w:1.0-Orth_w:0.0-Act:ELU-B:True-BN:False-LR:0.001-L:5-128_system.n_constraints=1 system.train_ratio=1.0","delch6zy","C10-ObsStateDim2","DAE","C5","3","1","1","30","3","2","0.13104067742824554","4.975051427600883","0.20610517263412476"
"S:30-OS:2-H:2-G:C5-N:2_DAE-Obs_w:1.0-Orth_w:0.0-Act:ELU-B:True-BN:False-LR:0.001-L:5-128_system.n_constraints=1 system.train_ratio=1.0","sjjwltiy","C10-ObsStateDim2","DAE","C5","3","1","1","30","2","2","0.11334622651338576","4.975051427600883","0.17670871317386627"
"S:30-OS:3-H:2-G:C5-N:2_DAE-Obs_w:1.0-Orth_w:0.0-Act:ELU-B:True-BN:False-LR:0.001-L:5-128_system.n_constraints=1 system.train_ratio=1.0","ffrwrhqe","C10-ObsStateDim2","DAE","C5","2","1","1","30","3","2","0.12809772789478302","4.975051427600883","0.20301207900047305"
"S:30-OS:2-H:2-G:C5-N:2_DAE-Obs_w:1.0-Orth_w:0.0-Act:ELU-B:True-BN:False-LR:0.001-L:5-128_system.n_constraints=1 system.train_ratio=1.0","d7hc53zm","C10-ObsStateDim2","DAE","C5","2","1","1","30","2","2","0.11126472055912018","4.975051427600883","0.1718049943447113"
"S:30-OS:4-H:2-G:C5-N:2_DAE-Obs_w:1.0-Orth_w:0.0-Act:ELU-B:True-BN:False-LR:0.001-L:5-128_system.n_constraints=1 system.train_ratio=1.0","0i16vej9","C10-ObsStateDim2","DAE","C5","0","1","1","30","4","2","0.13643279671669006","4.975051427600883","0.2232244610786438"
"S:30-OS:4-H:2-G:C5-N:2_DAE-Obs_w:1.0-Orth_w:0.0-Act:ELU-B:True-BN:False-LR:0.001-L:5-128_system.n_constraints=1 system.train_ratio=1.0","cr9y2re8","C10-ObsStateDim2","DAE","C5","2","1","1","30","4","2","0.1457335650920868","4.975051427600883","0.2432382106781006"
"S:30-OS:4-H:2-G:C5-N:2_DAE-Obs_w:1.0-Orth_w:0.0-Act:ELU-B:True-BN:False-LR:0.001-L:5-128_system.n_constraints=1 system.train_ratio=1.0","qlqxd0j5","C10-ObsStateDim2","DAE","C5","3","1","1","30","4","2","0.13949036598205566","4.975051427600883","0.22861959040164948"
"S:30-OS:4-H:2-G:C5-N:2_DAE-Obs_w:1.0-Orth_w:0.0-Act:ELU-B:True-BN:False-LR:0.001-L:5-128_system.n_constraints=1 system.train_ratio=1.0","ixnrexnk","C10-ObsStateDim2","DAE","C5","1","1","1","30","4","2","0.13590985536575317","4.975051427600883","0.22646835446357727"
"S:30-OS:3-H:2-G:C5-N:2_DAE-Obs_w:1.0-Orth_w:0.0-Act:ELU-B:True-BN:False-LR:0.001-L:5-128_system.n_constraints=1 system.train_ratio=1.0","e5879llj","C10-ObsStateDim2","DAE","C5","0","1","1","30","3","2","0.13002198934555054","4.975051427600883","0.21369698643684387"
"S:30-OS:3-H:2-G:C5-N:2_DAE-Obs_w:1.0-Orth_w:0.0-Act:ELU-B:True-BN:False-LR:0.001-L:5-128_system.n_constraints=1 system.train_ratio=1.0","u6l59jjy","C10-ObsStateDim2","DAE","C5","1","1","1","30","3","2","0.1272020787000656","4.975051427600883","0.20181937515735623"
"S:30-OS:2-H:2-G:C5-N:2_DAE-Obs_w:1.0-Orth_w:0.0-Act:ELU-B:True-BN:False-LR:0.001-L:5-128_system.n_constraints=1 system.train_ratio=1.0","4q6oxndv","C10-ObsStateDim2","DAE","C5","1","1","1","30","2","2","0.11777807027101515","4.975051427600883","0.184964582324028"
"S:30-OS:2-H:2-G:C5-N:2_DAE-Obs_w:1.0-Orth_w:0.0-Act:ELU-B:True-BN:False-LR:0.001-L:5-128_system.n_constraints=1 system.train_ratio=1.0","k2411jhr","C10-ObsStateDim2","DAE","C5","0","1","1","30","2","2","0.1179790422320366","4.975051427600883","0.18125714361667633"
"S:30-OS:1-H:2-G:C5-N:2_DAE-Obs_w:1.0-Orth_w:0.0-Act:ELU-B:True-BN:False-LR:0.001-L:5-128_system.n_constraints=1 system.train_ratio=1.0","tvpcs6mm","C10-ObsStateDim2","DAE","C5","2","1","1","30","1","2","0.10374309122562408","4.975051427600883","0.15310026705265045"
"S:30-OS:1-H:2-G:C5-N:2_DAE-Obs_w:1.0-Orth_w:0.0-Act:ELU-B:True-BN:False-LR:0.001-L:5-128_system.n_constraints=1 system.train_ratio=1.0","ug78tqu2","C10-ObsStateDim2","DAE","C5","3","1","1","30","1","2","0.1058618500828743","4.975051427600883","0.1579941064119339"
"S:30-OS:1-H:2-G:C5-N:2_DAE-Obs_w:1.0-Orth_w:0.0-Act:ELU-B:True-BN:False-LR:0.001-L:5-128_system.n_constraints=1 system.train_ratio=1.0","vejjzeux","C10-ObsStateDim2","DAE","C5","0","1","1","30","1","2","0.10133791714906693","4.975051427600883","0.14991213381290436"
"S:30-OS:1-H:2-G:C5-N:2_DAE-Obs_w:1.0-Orth_w:0.0-Act:ELU-B:True-BN:False-LR:0.001-L:5-128_system.n_constraints=1 system.train_ratio=1.0","xt7z01qu","C10-ObsStateDim2","DAE","C5","1","1","1","30","1","2","0.1014409363269806","4.975051427600883","0.1466292291879654"
"S:30-OS:3-H:2-G:C10-N:2_DAE-Obs_w:1.0-Orth_w:0.0-Act:ELU-B:True-BN:False-LR:0.001-L:5-128_system.n_constraints=1 system.train_ratio=1.0","ifmvx8fg","C10-ObsStateDim2","DAE","C10","3","1","1","30","3","2","0.11835254728794098","5.145943980900745","0.1829785853624344"
"S:30-OS:2-H:2-G:C10-N:2_DAE-Obs_w:1.0-Orth_w:0.0-Act:ELU-B:True-BN:False-LR:0.001-L:5-128_system.n_constraints=1 system.train_ratio=1.0","wr2vhf5b","C10-ObsStateDim2","DAE","C10","3","1","1","30","2","2","0.10248194634914398","5.145943980900745","0.1522781401872635"
"S:30-OS:3-H:2-G:C10-N:2_DAE-Obs_w:1.0-Orth_w:0.0-Act:ELU-B:True-BN:False-LR:0.001-L:5-128_system.n_constraints=1 system.train_ratio=1.0","rtni2oap","C10-ObsStateDim2","DAE","C10","2","1","1","30","3","2","0.11579840630292892","5.145943980900745","0.18485379219055176"
"S:30-OS:2-H:2-G:C10-N:2_DAE-Obs_w:1.0-Orth_w:0.0-Act:ELU-B:True-BN:False-LR:0.001-L:5-128_system.n_constraints=1 system.train_ratio=1.0","3ukyvli0","C10-ObsStateDim2","DAE","C10","2","1","1","30","2","2","0.10826480388641356","5.145943980900745","0.1686391532421112"
"S:30-OS:4-H:2-G:C10-N:2_DAE-Obs_w:1.0-Orth_w:0.0-Act:ELU-B:True-BN:False-LR:0.001-L:5-128_system.n_constraints=1 system.train_ratio=1.0","i1iyuqj2","C10-ObsStateDim2","DAE","C10","2","1","1","30","4","2","0.12262676656246184","5.145943980900745","0.18818502128124237"
"S:30-OS:4-H:2-G:C10-N:2_DAE-Obs_w:1.0-Orth_w:0.0-Act:ELU-B:True-BN:False-LR:0.001-L:5-128_system.n_constraints=1 system.train_ratio=1.0","of3kktq3","C10-ObsStateDim2","DAE","C10","1","1","1","30","4","2","0.11863582581281662","5.145943980900745","0.1774042248725891"
"S:30-OS:4-H:2-G:C10-N:2_DAE-Obs_w:1.0-Orth_w:0.0-Act:ELU-B:True-BN:False-LR:0.001-L:5-128_system.n_constraints=1 system.train_ratio=1.0","d4dwyy1o","C10-ObsStateDim2","DAE","C10","3","1","1","30","4","2","0.12405281513929368","5.145943980900745","0.20367392897605896"
"S:30-OS:4-H:2-G:C10-N:2_DAE-Obs_w:1.0-Orth_w:0.0-Act:ELU-B:True-BN:False-LR:0.001-L:5-128_system.n_constraints=1 system.train_ratio=1.0","7w3ra5yn","C10-ObsStateDim2","DAE","C10","0","1","1","30","4","2","0.12883558869361875","5.145943980900745","0.21523573994636536"
"S:30-OS:3-H:2-G:C10-N:2_E-DAE-Obs_w:1.0-Orth_w:0.0-Act:ELU-B:True-BN:False-LR:0.001-L:5-128_system.n_constraints=1 system.train_ratio=1.0","eb5n8jk7","C10-ObsStateDim2","E-DAE","C10","3","1","1","30","3","2","0.08425591886043549","5.145943980900745","0.12329721450805664"
"S:30-OS:3-H:2-G:C10-N:2_E-DAE-Obs_w:1.0-Orth_w:0.0-Act:ELU-B:True-BN:False-LR:0.001-L:5-128_system.n_constraints=1 system.train_ratio=1.0","plmq3d6h","C10-ObsStateDim2","E-DAE","C10","2","1","1","30","3","2","0.08331434428691864","5.145943980900745","0.12148554623126984"
"S:30-OS:2-H:2-G:C10-N:2_E-DAE-Obs_w:1.0-Orth_w:0.0-Act:ELU-B:True-BN:False-LR:0.001-L:5-128_system.n_constraints=1 system.train_ratio=1.0","nmzf7w5x","C10-ObsStateDim2","E-DAE","C10","3","1","1","30","2","2","0.08070259541273117","5.145943980900745","0.11414877325296402"
"S:30-OS:4-H:2-G:C10-N:2_E-DAE-Obs_w:1.0-Orth_w:0.0-Act:ELU-B:True-BN:False-LR:0.001-L:5-128_system.n_constraints=1 system.train_ratio=1.0","om1pk966","C10-ObsStateDim2","E-DAE","C10","0","1","1","30","4","2","0.08612899482250214","5.145943980900745","0.13841786980628967"
"S:30-OS:4-H:2-G:C10-N:2_E-DAE-Obs_w:1.0-Orth_w:0.0-Act:ELU-B:True-BN:False-LR:0.001-L:5-128_system.n_constraints=1 system.train_ratio=1.0","wnqf9xj5","C10-ObsStateDim2","E-DAE","C10","1","1","1","30","4","2","0.08291153609752655","5.145943980900745","0.1181746944785118"
"S:30-OS:4-H:2-G:C10-N:2_E-DAE-Obs_w:1.0-Orth_w:0.0-Act:ELU-B:True-BN:False-LR:0.001-L:5-128_system.n_constraints=1 system.train_ratio=1.0","ry5ayxuz","C10-ObsStateDim2","E-DAE","C10","3","1","1","30","4","2","0.08530600368976593","5.145943980900745","0.12406644225120544"
"S:30-OS:4-H:2-G:C10-N:2_E-DAE-Obs_w:1.0-Orth_w:0.0-Act:ELU-B:True-BN:False-LR:0.001-L:5-128_system.n_constraints=1 system.train_ratio=1.0","57hbxe8q","C10-ObsStateDim2","E-DAE","C10","2","1","1","30","4","2","0.0866980105638504","5.145943980900745","0.13869602978229523"
"S:30-OS:2-H:2-G:C10-N:2_E-DAE-Obs_w:1.0-Orth_w:0.0-Act:ELU-B:True-BN:False-LR:0.001-L:5-128_system.n_constraints=1 system.train_ratio=1.0","q1g25v6i","C10-ObsStateDim2","E-DAE","C10","2","1","1","30","2","2","0.08057134598493576","5.145943980900745","0.1131461262702942"
"S:30-OS:1-H:2-G:C10-N:2_E-DAE-Obs_w:1.0-Orth_w:0.0-Act:ELU-B:True-BN:False-LR:0.001-L:5-128_system.n_constraints=1 system.train_ratio=1.0","t8yiw3y6","C10-ObsStateDim2","E-DAE","C10","3","1","1","30","1","2","0.08119551837444305","5.145943980900745","0.11703579872846603"
"S:30-OS:1-H:2-G:C10-N:2_E-DAE-Obs_w:1.0-Orth_w:0.0-Act:ELU-B:True-BN:False-LR:0.001-L:5-128_system.n_constraints=1 system.train_ratio=1.0","cf4sov60","C10-ObsStateDim2","E-DAE","C10","2","1","1","30","1","2","0.07966410368680954","5.145943980900745","0.11156465113162994"
"S:30-OS:1-H:2-G:C10-N:2_E-DAE-Obs_w:1.0-Orth_w:0.0-Act:ELU-B:True-BN:False-LR:0.001-L:5-128_system.n_constraints=1 system.train_ratio=1.0","qrs8yo07","C10-ObsStateDim2","E-DAE","C10","1","1","1","30","1","2","0.08151562511920929","5.145943980900745","0.1155386045575142"
"S:30-OS:1-H:2-G:C10-N:2_E-DAE-Obs_w:1.0-Orth_w:0.0-Act:ELU-B:True-BN:False-LR:0.001-L:5-128_system.n_constraints=1 system.train_ratio=1.0","qtj64u40","C10-ObsStateDim2","E-DAE","C10","0","1","1","30","1","2","0.08034005761146545","5.145943980900745","0.11240413784980774"
"S:30-OS:3-H:2-G:C10-N:2_E-DAE-Obs_w:1.0-Orth_w:0.0-Act:ELU-B:True-BN:False-LR:0.001-L:5-128_system.n_constraints=1 system.train_ratio=1.0","d04sqdli","C10-ObsStateDim2","E-DAE","C10","1","1","1","30","3","2","0.0813496857881546","5.145943980900745","0.1156831905245781"
"S:30-OS:3-H:2-G:C10-N:2_DAE-Obs_w:1.0-Orth_w:0.0-Act:ELU-B:True-BN:False-LR:0.001-L:5-128_system.n_constraints=1 system.train_ratio=1.0","z2bl4rsd","C10-ObsStateDim2","DAE","C10","0","1","1","30","3","2","0.11843700706958772","5.145943980900745","0.1808695942163467"
"S:30-OS:2-H:2-G:C10-N:2_E-DAE-Obs_w:1.0-Orth_w:0.0-Act:ELU-B:True-BN:False-LR:0.001-L:5-128_system.n_constraints=1 system.train_ratio=1.0","gyv5zbkw","C10-ObsStateDim2","E-DAE","C10","0","1","1","30","2","2","0.08239199221134186","5.145943980900745","0.11717532575130464"
"S:30-OS:3-H:2-G:C10-N:2_DAE-Obs_w:1.0-Orth_w:0.0-Act:ELU-B:True-BN:False-LR:0.001-L:5-128_system.n_constraints=1 system.train_ratio=1.0","9kb1syrm","C10-ObsStateDim2","DAE","C10","1","1","1","30","3","2","0.12101591378450394","5.145943980900745","0.18194766342639923"
"S:30-OS:3-H:2-G:C10-N:2_E-DAE-Obs_w:1.0-Orth_w:0.0-Act:ELU-B:True-BN:False-LR:0.001-L:5-128_system.n_constraints=1 system.train_ratio=1.0","5h9c0zty","C10-ObsStateDim2","E-DAE","C10","0","1","1","30","3","2","0.084010049700737","5.145943980900745","0.1239689365029335"
"S:30-OS:2-H:2-G:C10-N:2_E-DAE-Obs_w:1.0-Orth_w:0.0-Act:ELU-B:True-BN:False-LR:0.001-L:5-128_system.n_constraints=1 system.train_ratio=1.0","hsrbw6na","C10-ObsStateDim2","E-DAE","C10","1","1","1","30","2","2","0.08103415369987488","5.145943980900745","0.11370139569044112"
"S:30-OS:2-H:2-G:C10-N:2_DAE-Obs_w:1.0-Orth_w:0.0-Act:ELU-B:True-BN:False-LR:0.001-L:5-128_system.n_constraints=1 system.train_ratio=1.0","vu20d4sc","C10-ObsStateDim2","DAE","C10","1","1","1","30","2","2","0.11123115569353104","5.145943980900745","0.1715262234210968"
"S:30-OS:2-H:2-G:C10-N:2_DAE-Obs_w:1.0-Orth_w:0.0-Act:ELU-B:True-BN:False-LR:0.001-L:5-128_system.n_constraints=1 system.train_ratio=1.0","tq4lygjq","C10-ObsStateDim2","DAE","C10","0","1","1","30","2","2","0.10285218805074692","5.145943980900745","0.15703295171260834"
"S:30-OS:1-H:2-G:C10-N:2_DAE-Obs_w:1.0-Orth_w:0.0-Act:ELU-B:True-BN:False-LR:0.001-L:5-128_system.n_constraints=1 system.train_ratio=1.0","i17jtwf4","C10-ObsStateDim2","DAE","C10","3","1","1","30","1","2","0.09480230510234831","5.145943980900745","0.13541755080223083"
"S:30-OS:1-H:2-G:C10-N:2_DAE-Obs_w:1.0-Orth_w:0.0-Act:ELU-B:True-BN:False-LR:0.001-L:5-128_system.n_constraints=1 system.train_ratio=1.0","lbnj5a4k","C10-ObsStateDim2","DAE","C10","1","1","1","30","1","2","0.09235795587301254","5.145943980900745","0.13187050819396973"
"S:30-OS:1-H:2-G:C10-N:2_DAE-Obs_w:1.0-Orth_w:0.0-Act:ELU-B:True-BN:False-LR:0.001-L:5-128_system.n_constraints=1 system.train_ratio=1.0","d1hnq29p","C10-ObsStateDim2","DAE","C10","0","1","1","30","1","2","0.09379231184720992","5.145943980900745","0.1350344717502594"
"S:30-OS:1-H:2-G:C10-N:2_DAE-Obs_w:1.0-Orth_w:0.0-Act:ELU-B:True-BN:False-LR:0.001-L:5-128_system.n_constraints=1 system.train_ratio=1.0","81u97quq","C10-ObsStateDim2","DAE","C10","2","1","1","30","1","2","0.09323105216026306","5.145943980900745","0.13169075548648834"